,hsa-miR-331-3p,hsa-miR-150-5p,hsa-miR-612,hsa-miR-652-3p	,hsa-miR-1285-3p	,hsa-miR-3922-5p	,hsa-miR-6760-5p	,hsa-miR-7-5p        ,hsa-miR-31-5p	,hsa-miR-141-3p	,hsa-miR-10a-5p,hsa-miR-10b-5p,hsa-miR-485-5p,hsa-miR-583,hsa-miR-15b-5p
user1,8.638828787,5.382133606,5.415584135,5.08791982,5.996548896,5.352015502,8.10051067,5.223515961,5.682622801,6.598367871,5.484325012,5.507771675,5.385737089,5.400262536,5.289086069
user2,6.393671544,5.618322902,5.20351994,6.113438721,8.818823758,6.227851822,5.528074925,5.654364853,5.498968426,6.491727064,5.420148918,5.458875342,9.009982026,9.431167425,7.436167112
user3,7.622139483,7.877541791,5.586844591,5.356200989,7.945687113,5.272934554,5.611188689,5.538939656,9.902775702,6.230033186,5.610641122,7.242081476,5.317965799,5.767766492,5.307996438